Age,Gender,Monthly Income,Family size,latitude,longitude,Pin code,Output,Feedback,Marital Status_Prefer not to say,Marital Status_Single,Occupation_House wife,Occupation_Self Employeed,Occupation_Student,Educational Qualifications_Ph.D,Educational Qualifications_Post Graduate,Educational Qualifications_School,Educational Qualifications_Uneducated,Customer Type_New,Customer Type_Regular
0.13333333333333333,0,0,0.6,0.47043918918918687,0.42007299270072196,560001,1,1,0,1,0,0,1,0,1,0,0,0,0
0.4,0,1,0.4,0.4721283783783796,0.3397810218977822,560009,1,1,0,1,0,0,1,0,0,0,0,0,1
0.26666666666666666,1,1,0.4,0.37964527027026973,0.6390510948905106,560017,1,0,0,1,0,0,1,0,1,0,0,0,1
0.26666666666666666,0,0,1.0,0.34670608108108236,0.28248175182480656,560019,1,1,0,1,0,0,1,0,0,0,0,0,0
0.26666666666666666,1,1,0.6,0.5059121621621596,0.2521897810218668,560010,1,1,0,1,0,0,1,0,1,0,0,0,0
0.6,0,4,0.2,0.27322635135135154,0.7321167883211448,560103,1,1,0,0,0,0,0,0,1,0,0,0,1
0.26666666666666666,1,0,0.4,0.4721283783783796,0.3397810218977822,560009,1,1,0,1,0,0,1,0,0,0,0,0,1
0.4,0,0,0.4,0.49662162162161827,0.4704379562043837,560042,1,1,0,1,0,0,1,0,1,0,0,0,1
0.3333333333333333,0,0,0.2,0.47043918918918687,0.42007299270072196,560001,1,1,0,1,0,0,1,0,1,0,0,0,1
0.3333333333333333,0,0,0.6,0.5076013513513524,0.8171532846715317,560048,1,1,0,1,0,0,1,0,1,0,0,0,0
0.26666666666666666,0,0,0.8,0.5059121621621596,0.2521897810218668,560010,1,1,0,1,0,0,1,0,1,0,0,0,0
0.3333333333333333,1,1,0.2,0.4721283783783796,0.3397810218977822,560009,1,0,0,1,0,0,1,0,1,0,0,0,1
0.3333333333333333,1,0,0.8,0.14189189189189094,0.33649635036498204,560078,1,1,0,1,0,0,1,0,1,0,0,0,0
0.2,1,0,0.6,0.4721283783783796,0.3397810218977822,560009,1,1,0,1,0,0,1,0,0,0,0,0,0
0.3333333333333333,0,2,0.8,0.33192567567567394,0.32700729927008776,560004,1,1,0,1,0,1,0,0,1,0,0,0,0
0.4,0,0,1.0,0.10177364864865127,0.5682481751824651,560068,1,1,0,1,0,0,1,0,1,0,0,0,0
0.6666666666666666,0,3,0.2,0.4776182432432467,0.5715328467153171,560038,1,1,0,1,0,0,0,0,1,0,0,0,1
0.3333333333333333,0,0,0.4,0.49324324324324026,0.5160583941605983,560008,1,0,0,1,0,0,1,0,0,0,0,0,1
0.4666666666666667,1,0,0.6,0.14189189189189094,0.33649635036498204,560078,1,0,0,1,0,0,1,0,0,0,0,0,0
0.2,0,1,0.0,0.4776182432432467,0.5715328467153171,560038,1,1,0,1,0,0,1,0,1,0,0,1,0
0.4,1,0,0.4,0.4721283783783796,0.3397810218977822,560009,1,1,0,1,0,0,1,0,1,0,0,0,1
0.26666666666666666,1,0,0.6,0.69510135135135,0.43978102189778223,560032,1,1,0,1,0,0,1,0,1,0,0,0,0
0.26666666666666666,0,0,0.6,0.5620777027027042,0.5718978102189789,560033,1,1,0,1,0,0,1,0,0,0,0,0,0
0.3333333333333333,1,0,0.6,0.5375844594594581,0.28868613138684884,560021,1,1,0,1,0,0,1,0,0,0,0,0,0
0.2,1,1,0.4,0.27618243243243323,0.21605839416059833,560085,1,1,0,1,0,0,1,0,1,0,0,0,1
0.4666666666666667,1,0,0.4,0.49324324324324026,0.5160583941605983,560008,1,1,0,1,0,0,1,0,1,0,0,0,1
0.26666666666666666,0,0,0.8,0.29603040540540493,0.27116788321165536,560050,1,1,0,1,0,0,1,0,1,0,0,0,0
0.26666666666666666,1,0,0.4,0.21241554054054007,0.10693430656931392,560098,1,1,0,1,0,0,1,0,1,0,0,0,1
0.3333333333333333,0,2,0.4,0.5076013513513524,0.8171532846715317,560048,1,1,0,1,0,0,0,0,0,0,0,0,1
0.26666666666666666,1,1,0.6,0.5772804054054014,0.31788321167880335,560003,1,1,0,1,0,0,1,0,1,0,0,0,0
0.26666666666666666,0,2,0.8,0.44172297297297014,0.970072992700722,560066,1,1,0,1,0,0,0,0,0,0,0,0,0
0.26666666666666666,1,0,0.6,0.4776182432432467,0.5715328467153171,560038,1,1,0,1,0,0,1,0,1,0,0,0,0
0.4666666666666667,1,4,0.6,0.25717905405405417,0.5032846715328521,560034,1,1,0,0,0,0,0,1,0,0,0,0,0
0.26666666666666666,0,2,0.8,0.5059121621621596,0.2521897810218668,560010,1,1,0,1,0,0,1,0,1,0,0,0,0
0.26666666666666666,0,0,0.2,0.19721283783783533,0.5854014598539968,560102,1,1,0,1,0,0,1,0,1,0,0,0,1
0.4666666666666667,1,2,0.4,0.27618243243243323,0.21605839416059833,560085,1,1,0,1,0,0,1,0,1,0,0,0,1
0.4666666666666667,1,0,0.8,0.4721283783783796,0.3397810218977822,560009,0,1,0,1,0,0,1,0,1,0,0,0,0
0.9333333333333333,0,0,0.8,0.49324324324324026,0.5160583941605983,560008,1,0,1,0,1,0,0,0,0,0,0,0,0
0.3333333333333333,0,0,0.4,0.33192567567567394,0.32700729927008776,560004,1,1,0,1,0,0,1,0,1,0,0,0,1
0.3333333333333333,0,0,0.6,0.14189189189189094,0.33649635036498204,560078,1,1,0,1,0,0,1,0,1,0,0,0,0
0.8,1,4,0.6,0.4265202702702729,0.4474452554744715,560025,1,0,0,0,0,1,0,0,0,0,1,0,0
0.3333333333333333,1,0,0.4,0.3855574324324331,0.23430656934306343,560026,1,1,0,1,0,0,1,0,0,0,0,0,1
0.3333333333333333,1,0,0.6,0.5375844594594581,0.28868613138684884,560021,1,1,0,1,0,0,1,0,1,0,0,0,0
0.26666666666666666,0,0,0.8,0.5059121621621596,0.2521897810218668,560010,1,1,0,1,0,0,1,0,1,0,0,0,0
0.26666666666666666,1,0,0.8,0.5059121621621596,0.2521897810218668,560010,1,1,0,1,0,0,1,0,0,0,0,0,0
0.6,0,2,0.2,0.25717905405405417,0.5032846715328521,560034,1,1,0,0,0,1,0,0,1,0,0,0,1
0.4,0,0,0.4,0.4721283783783796,0.3397810218977822,560009,1,1,0,1,0,0,1,0,1,0,0,0,1
0.3333333333333333,1,0,0.2,0.4721283783783796,0.3397810218977822,560009,1,1,0,1,0,0,1,0,1,0,0,0,1
0.3333333333333333,0,0,0.4,0.49324324324324026,0.5160583941605983,560008,1,0,0,1,0,0,1,0,0,0,0,0,1
0.26666666666666666,0,2,0.8,0.5059121621621596,0.2521897810218668,560010,1,1,0,1,0,0,1,0,1,0,0,0,0
0.3333333333333333,0,0,0.8,0.6562499999999993,0.5974452554744715,560043,1,1,0,1,0,0,1,0,0,0,0,0,0
0.3333333333333333,0,0,0.2,0.4721283783783796,0.3397810218977822,560009,1,1,0,1,0,0,1,0,1,0,0,0,1
0.4,1,0,0.4,0.4721283783783796,0.3397810218977822,560009,1,1,0,1,0,0,1,0,1,0,0,0,1
0.4666666666666667,1,0,0.2,0.4151182432432425,0.3572992700729757,560002,1,1,0,1,0,0,1,0,1,0,0,0,1
0.26666666666666666,1,0,0.4,0.27618243243243323,0.21605839416059833,560085,1,1,0,1,0,0,1,0,1,0,0,0,1
0.6666666666666666,0,0,0.2,0.5975506756756769,0.22189781021897886,560086,1,1,0,0,0,0,1,0,0,0,0,0,1
0.26666666666666666,0,0,0.0,0.08150337837837578,0.43576642335765853,560076,1,1,0,1,0,0,1,0,1,0,0,1,0
0.4,0,0,0.4,0.4721283783783796,0.3397810218977822,560009,1,1,0,1,0,0,1,0,0,0,0,0,1
0.8666666666666667,1,4,0.8,0.19721283783783533,0.5854014598539968,560102,1,1,0,0,0,0,0,1,0,0,0,0,0
0.4666666666666667,1,0,0.6,0.5975506756756769,0.22189781021897886,560086,1,1,0,1,0,0,1,0,1,0,0,0,0
0.3333333333333333,1,0,0.8,0.14189189189189094,0.33649635036498204,560078,1,1,0,1,0,0,1,0,1,0,0,0,0
0.26666666666666666,1,0,0.4,0.08150337837837578,0.43576642335765853,560076,1,1,0,1,0,0,1,0,1,0,0,0,1
0.3333333333333333,1,3,0.0,0.6359797297297313,0.2,560096,1,1,0,1,0,0,1,0,1,0,0,1,0
0.3333333333333333,1,0,0.6,0.2918074324324343,0.4386861313868488,560029,1,1,0,1,0,0,1,0,0,0,0,0,0
0.3333333333333333,0,0,0.2,0.5772804054054014,0.31788321167880335,560003,1,1,0,1,0,0,1,0,1,0,0,0,1
0.4666666666666667,1,0,1.0,0.5743243243243272,0.42080291970804545,560046,1,1,0,1,0,0,1,0,1,0,0,0,0
0.4,1,2,0.6,0.3336148648648667,0.45036496350366173,560030,1,1,0,1,0,0,0,0,0,0,0,0,0
0.3333333333333333,0,0,0.6,0.7749155405405406,0.39452554744522933,560024,1,1,0,1,0,0,1,0,1,0,0,0,0
0.3333333333333333,0,0,0.6,0.7749155405405406,0.39452554744522933,560024,1,1,0,1,0,0,1,0,1,0,0,0,0
0.4,0,4,0.6,0.33192567567567394,0.32700729927008776,560004,1,1,0,0,0,0,0,1,0,0,0,0,0
0.26666666666666666,1,0,0.6,0.5223817567567532,0.3281021897810211,560020,1,1,0,1,0,0,1,0,0,0,0,0,0
0.4,0,2,0.4,0.2884290540540563,0.30985401459855605,560028,0,1,0,1,0,0,1,0,1,0,0,0,1
0.4666666666666667,0,0,0.4,0.47043918918918687,0.42007299270072196,560001,1,1,0,1,0,0,1,0,1,0,0,0,1
0.3333333333333333,1,0,0.2,0.08150337837837578,0.43576642335765853,560076,1,1,0,1,0,0,1,0,1,0,0,0,1
0.5333333333333333,1,0,0.6,0.5772804054054014,0.31788321167880335,560003,1,1,0,1,0,0,1,0,1,0,0,0,0
0.4,0,3,0.4,1.0,0.37299270072991225,560064,1,1,0,1,0,0,1,0,1,0,0,0,1
0.5333333333333333,1,0,0.6,0.16722972972972966,0.7222627737226406,560036,1,1,0,1,0,0,1,0,1,0,0,0,0
0.2,1,0,0.6,0.4721283783783796,0.3397810218977822,560009,1,1,0,1,0,0,1,0,0,0,0,0,0
0.26666666666666666,0,0,0.4,0.4721283783783796,0.3397810218977822,560009,1,1,0,1,0,0,1,0,1,0,0,0,1
0.4,1,0,0.8,0.2892736486486489,0.3861313868613203,560011,1,1,0,1,0,0,1,0,1,0,0,0,0
0.4,1,2,0.6,0.16258445945946273,0.1948905109488911,560061,1,1,0,1,0,0,1,0,1,0,0,0,0
0.3333333333333333,0,0,0.4,0.4721283783783796,0.3397810218977822,560009,1,1,0,1,0,0,1,0,1,0,0,0,1
0.3333333333333333,1,0,0.4,0.2918074324324343,0.4386861313868488,560029,1,1,0,1,0,0,1,0,1,0,0,0,1
0.26666666666666666,1,0,0.4,0.33192567567567394,0.32700729927008776,560004,1,1,0,1,0,0,1,0,1,0,0,0,1
0.3333333333333333,1,0,0.4,0.4721283783783796,0.3397810218977822,560009,1,1,0,1,0,0,1,0,1,0,0,0,1
0.4,0,0,0.6,0.4776182432432467,0.5715328467153171,560038,1,1,0,1,0,0,1,0,1,0,0,0,0
0.4,1,0,0.8,0.2892736486486489,0.3861313868613203,560011,1,1,0,1,0,0,1,0,1,0,0,0,0
0.4666666666666667,1,0,0.0,0.4721283783783796,0.3397810218977822,560009,1,1,0,1,0,0,1,0,0,0,0,1,0
0.4666666666666667,1,0,0.8,0.4721283783783796,0.3397810218977822,560009,0,1,0,1,0,0,1,0,1,0,0,0,0
0.6666666666666666,1,2,0.2,0.6913006756756758,0.20364963503651376,560022,0,0,0,0,0,1,0,0,0,0,0,0,1
0.6,0,3,0.8,0.6913006756756758,0.20364963503651376,560022,0,1,1,0,0,0,0,0,1,0,0,0,0
0.5333333333333333,1,2,0.0,0.44172297297297014,0.970072992700722,560066,0,1,0,1,0,1,0,1,0,0,0,1,0
0.26666666666666666,1,0,0.2,0.4721283783783796,0.3397810218977822,560009,1,1,0,1,0,0,1,0,1,0,0,0,1
0.4,0,0,0.4,0.4721283783783796,0.3397810218977822,560009,1,1,0,1,0,0,1,0,1,0,0,0,1
0.3333333333333333,1,0,0.0,0.38386824324324037,0.39379562043795774,560027,1,1,0,1,0,0,1,0,1,0,0,1,0
0.4666666666666667,1,0,0.0,0.4721283783783796,0.3397810218977822,560009,1,1,0,1,0,0,1,0,0,0,0,1,0
0.3333333333333333,0,0,0.8,0.6562499999999993,0.5974452554744715,560043,1,1,0,1,0,0,1,0,0,0,0,0,0
0.3333333333333333,0,0,0.8,0.6562499999999993,0.5974452554744715,560043,1,1,0,1,0,0,1,0,0,0,0,0,0
0.5333333333333333,1,3,0.8,0.3914695945945965,0.5354014598539968,560007,0,1,0,0,0,0,0,0,0,0,0,0,0
0.9333333333333333,0,0,0.4,0.6283783783783752,0.29781021897808135,560012,0,1,0,0,1,0,0,0,0,0,1,0,1
0.4,0,2,0.4,0.2884290540540563,0.30985401459855605,560028,0,1,0,1,0,0,1,0,1,0,0,0,1
0.3333333333333333,1,0,0.2,0.3336148648648667,0.45036496350366173,560030,1,1,0,1,0,0,1,0,1,0,0,0,1
0.26666666666666666,0,2,0.4,0.44172297297297014,0.970072992700722,560066,1,1,0,1,0,0,0,0,0,0,0,0,1
0.4,0,0,0.4,0.33192567567567394,0.32700729927008776,560004,1,1,0,1,0,0,1,1,0,0,0,0,1
0.5333333333333333,1,3,0.2,0.25717905405405417,0.5032846715328521,560034,1,0,0,1,0,0,0,0,0,0,0,0,1
0.6666666666666666,1,4,0.4,0.44172297297297014,0.970072992700722,560066,0,1,0,0,0,0,0,0,0,0,0,0,1
0.5333333333333333,1,4,0.2,0.44172297297297014,0.970072992700722,560066,0,1,0,1,0,0,0,0,1,0,0,0,1
0.4666666666666667,1,0,0.0,0.2918074324324343,0.4386861313868488,560029,1,1,0,1,0,0,1,0,1,0,0,1,0
0.4666666666666667,1,1,0.2,0.44172297297297014,0.970072992700722,560066,0,1,0,1,0,0,0,0,0,0,0,0,1
0.0,1,0,0.8,0.4151182432432425,0.3572992700729757,560002,1,1,0,1,0,0,1,0,0,0,0,0,0
0.2,1,0,0.6,0.4721283783783796,0.3397810218977822,560009,1,1,0,1,0,0,1,0,1,0,0,0,0
0.4666666666666667,1,0,0.0,0.2918074324324343,0.4386861313868488,560029,1,1,0,1,0,0,1,0,1,0,0,1,0
0.4666666666666667,1,1,0.2,0.5375844594594581,0.28868613138684884,560021,1,1,0,1,0,0,1,0,1,0,0,0,1
0.3333333333333333,0,0,0.8,0.6562499999999993,0.5974452554744715,560043,1,1,0,1,0,0,1,0,0,0,0,0,0
0.3333333333333333,1,2,0.2,0.5059121621621596,0.2521897810218668,560010,1,1,0,1,0,0,0,0,1,0,0,0,1
0.4666666666666667,0,3,0.6,0.37964527027026973,0.6390510948905106,560017,0,0,0,0,0,0,0,0,0,0,0,0,0
0.8666666666666667,0,0,0.8,0.6913006756756758,0.20364963503651376,560022,1,1,0,0,1,0,0,0,0,1,0,0,0
0.4,1,4,0.2,0.6275337837837826,0.3777372262773594,560006,0,1,1,0,0,1,0,1,0,0,0,0,1
0.9333333333333333,0,3,0.8,0.25717905405405417,0.5032846715328521,560034,1,1,0,0,0,0,0,0,0,0,0,0,0
0.4666666666666667,1,3,0.4,0.47043918918918687,0.42007299270072196,560001,1,1,0,1,0,0,0,0,0,0,0,0,1
0.6,0,4,0.8,0.47043918918918687,0.42007299270072196,560001,0,1,0,0,0,1,0,0,0,0,0,0,0
0.5333333333333333,1,3,0.4,0.47043918918918687,0.42007299270072196,560001,1,1,0,1,0,1,0,0,0,0,0,0,1
0.5333333333333333,0,3,0.4,0.4151182432432425,0.3572992700729757,560002,1,1,0,1,0,1,0,0,1,0,0,0,1
0.9333333333333333,1,4,0.8,0.4151182432432425,0.3572992700729757,560002,1,0,0,0,0,0,0,1,0,0,0,0,0
0.4,1,4,1.0,0.4151182432432425,0.3572992700729757,560002,0,0,0,0,0,1,0,1,0,0,0,0,0
0.6,0,3,0.4,0.4151182432432425,0.3572992700729757,560002,1,1,0,0,0,1,0,0,0,0,0,0,1
0.3333333333333333,1,0,0.4,0.4721283783783796,0.3397810218977822,560009,1,1,0,1,0,0,1,0,1,0,0,0,1
0.4666666666666667,1,0,0.6,0.4721283783783796,0.3397810218977822,560009,1,1,0,1,0,0,1,0,1,0,0,0,0
0.3333333333333333,1,0,0.4,0.4721283783783796,0.3397810218977822,560009,1,1,0,1,0,0,1,0,1,0,0,0,1
0.3333333333333333,0,0,0.6,0.7749155405405406,0.39452554744522933,560024,1,1,0,1,0,0,1,0,1,0,0,0,0
0.6666666666666666,1,4,0.4,0.5772804054054014,0.31788321167880335,560003,1,1,0,0,0,0,0,0,1,0,0,0,1
0.9333333333333333,0,4,0.0,0.5772804054054014,0.31788321167880335,560003,0,1,0,0,0,0,0,0,0,0,0,1,0
0.3333333333333333,1,0,0.2,0.5772804054054014,0.31788321167880335,560003,1,1,0,1,0,0,1,0,1,0,0,0,1
0.06666666666666667,1,0,0.2,0.5772804054054014,0.31788321167880335,560003,0,0,0,1,0,0,1,0,0,0,0,0,1
0.06666666666666667,0,0,0.6,0.3737331081081064,0.48686131386859194,560047,1,1,0,1,0,0,1,0,0,0,0,0,0
0.6,0,3,0.2,0.44172297297297014,0.970072992700722,560066,0,1,0,0,0,0,0,0,1,0,0,0,1
0.4666666666666667,1,3,0.4,0.5608108108108077,0.5054744525547188,560005,1,1,0,1,0,1,0,0,0,0,0,0,1
1.0,1,4,0.8,0.5608108108108077,0.5054744525547188,560005,0,0,0,0,0,0,0,1,0,0,0,0,0
0.5333333333333333,0,4,0.4,0.5608108108108077,0.5054744525547188,560005,1,1,0,1,0,0,0,0,0,0,0,0,1
0.26666666666666666,0,1,0.6,0.2918074324324343,0.4386861313868488,560029,1,1,0,1,0,0,1,0,1,0,0,0,0
0.3333333333333333,1,0,0.4,1.0,0.37299270072991225,560064,0,1,0,1,0,0,1,0,1,0,0,0,1
0.26666666666666666,0,0,0.4,0.6359797297297313,0.2,560096,1,0,0,1,0,0,1,0,0,0,0,0,1
0.4666666666666667,1,3,0.2,0.5608108108108077,0.5054744525547188,560005,1,1,0,0,0,0,0,0,0,0,0,0,1
0.8,0,0,0.8,0.5608108108108077,0.5054744525547188,560005,1,1,0,0,1,0,0,0,0,1,0,0,0
0.4,1,0,0.4,0.6275337837837826,0.3777372262773594,560006,0,0,0,1,0,0,1,0,1,0,0,0,1
0.4666666666666667,1,2,0.4,0.6275337837837826,0.3777372262773594,560006,1,1,0,1,0,0,0,0,1,0,0,0,1
0.3333333333333333,1,4,0.4,0.4721283783783796,0.3397810218977822,560009,1,1,0,1,0,0,1,0,1,0,0,0,1
0.4,0,0,0.6,0.7787162162162149,0.0361313868613203,560073,1,1,0,1,0,0,1,0,1,0,0,0,0
0.9333333333333333,1,2,0.6,0.4776182432432467,0.5715328467153171,560038,1,1,0,0,0,0,0,0,0,0,0,0,0
0.26666666666666666,1,0,0.6,0.5223817567567532,0.3281021897810211,560020,1,1,0,1,0,0,1,0,1,0,0,0,0
0.3333333333333333,1,4,0.4,0.4721283783783796,0.3397810218977822,560009,1,1,0,1,0,0,1,0,1,0,0,0,1
0.3333333333333333,0,0,0.6,0.7749155405405406,0.39452554744522933,560024,1,1,0,1,0,0,1,0,1,0,0,0,0
0.13333333333333333,1,0,0.2,0.3914695945945965,0.5354014598539968,560007,1,1,0,1,0,0,1,0,0,0,0,0,1
0.2,1,0,0.2,0.3914695945945965,0.5354014598539968,560007,1,1,0,1,0,0,1,0,0,0,0,0,1
0.4,0,2,0.8,0.3914695945945965,0.5354014598539968,560007,1,1,0,0,0,1,0,0,0,0,0,0,0
0.3333333333333333,0,0,0.6,0.7749155405405406,0.39452554744522933,560024,1,1,0,1,0,0,1,0,1,0,0,0,0
0.4666666666666667,1,3,0.4,0.5059121621621596,0.2521897810218668,560010,1,1,0,1,0,0,0,0,1,0,0,0,1
0.9333333333333333,0,0,0.4,0.5059121621621596,0.2521897810218668,560010,1,1,0,0,1,0,0,0,0,0,0,0,1
0.6,1,4,0.8,0.5059121621621596,0.2521897810218668,560010,0,0,0,0,0,0,0,1,0,0,0,0,0
0.13333333333333333,0,0,0.2,0.2892736486486489,0.3861313868613203,560011,1,1,0,1,0,0,1,0,0,0,0,0,1
0.2,1,0,0.2,0.2892736486486489,0.3861313868613203,560011,1,1,0,1,0,0,1,0,0,0,0,0,1
0.5333333333333333,1,4,0.4,0.2892736486486489,0.3861313868613203,560011,0,0,0,1,0,0,0,0,1,0,0,0,1
0.4666666666666667,1,2,0.6,0.6393581081081093,0.7160583941605984,560016,1,1,0,1,0,0,0,0,0,0,0,0,0
0.5333333333333333,1,3,0.4,0.6283783783783752,0.29781021897808135,560012,1,1,0,1,0,0,0,0,1,0,0,0,1
0.5333333333333333,0,3,0.4,0.6283783783783752,0.29781021897808135,560012,1,1,0,0,0,0,0,0,0,0,0,0,1
0.6,1,4,0.6,0.7816722972972966,0.25072992700727165,560013,0,1,0,1,0,0,0,1,0,0,0,0,0
0.6,0,0,0.8,0.7816722972972966,0.25072992700727165,560013,0,0,0,1,0,0,1,1,0,0,0,0,0
0.4,0,0,0.8,0.5198479729729755,0.4178832116788033,560051,1,1,0,1,0,0,1,0,1,0,0,0,0
0.4666666666666667,1,4,0.2,0.8336148648648629,0.16131386861315117,560015,1,1,0,0,0,1,0,0,0,1,0,0,1
0.13333333333333333,1,0,0.2,0.8336148648648629,0.16131386861315117,560015,0,0,0,1,0,0,1,0,0,0,0,0,1
0.26666666666666666,1,0,0.0,0.8336148648648629,0.16131386861315117,560015,1,1,0,1,0,0,1,0,1,0,0,1,0
0.5333333333333333,0,1,0.4,0.6393581081081093,0.7160583941605984,560016,1,1,0,0,0,0,1,1,0,0,0,0,1
0.6,1,3,0.0,0.6393581081081093,0.7160583941605984,560016,1,1,1,0,0,0,0,0,1,0,0,1,0
0.4666666666666667,0,0,0.4,0.37964527027026973,0.6390510948905106,560017,1,1,0,1,0,0,1,0,1,0,0,0,1
0.4,1,1,0.2,0.37964527027026973,0.6390510948905106,560017,1,1,0,1,0,0,0,0,0,0,0,0,1
0.3333333333333333,0,2,1.0,0.37964527027026973,0.6390510948905106,560017,1,1,0,1,0,0,0,0,0,0,0,0,0
0.26666666666666666,1,0,0.2,0.3876689189189222,0.29014598540144393,560018,0,1,0,1,0,0,1,0,0,0,0,0,1
0.5333333333333333,1,4,0.4,0.3876689189189222,0.29014598540144393,560018,0,0,0,0,0,1,0,0,1,0,0,0,1
0.5333333333333333,1,1,0.0,0.3876689189189222,0.29014598540144393,560018,1,0,0,1,0,0,0,0,1,0,0,1,0
0.4666666666666667,0,3,0.4,0.3876689189189222,0.29014598540144393,560018,0,1,0,0,0,1,0,0,1,0,0,0,1
0.7333333333333333,0,4,0.4,0.3876689189189222,0.29014598540144393,560018,0,1,0,0,0,0,0,0,0,0,0,0,1
0.3333333333333333,1,1,0.4,0.0,0.14525547445255285,560109,1,0,0,1,0,0,1,0,0,0,0,0,1
0.26666666666666666,0,3,0.6,0.44172297297297014,0.970072992700722,560066,1,1,0,1,0,0,0,0,0,0,0,0,0
0.26666666666666666,1,0,0.2,0.5223817567567532,0.3281021897810211,560020,0,1,0,1,0,0,1,0,0,0,0,0,1
0.9333333333333333,0,0,0.8,0.5223817567567532,0.3281021897810211,560020,1,1,0,0,1,0,0,0,0,1,0,0,0
0.6666666666666666,1,4,0.0,0.5375844594594581,0.28868613138684884,560021,1,1,0,0,0,0,0,0,1,0,0,1,0
0.26666666666666666,1,0,0.2,0.4721283783783796,0.3397810218977822,560009,1,1,0,1,0,0,1,0,1,0,0,0,1
0.4666666666666667,1,2,0.2,0.4666385135135126,0.27153284671531713,560023,1,1,0,1,0,0,0,0,0,0,0,0,1
0.5333333333333333,0,3,0.2,0.4666385135135126,0.27153284671531713,560023,0,0,0,0,0,0,0,0,1,0,0,0,1
0.8666666666666667,1,4,1.0,0.7749155405405406,0.39452554744522933,560024,1,1,0,0,0,1,0,0,0,1,0,0,0
0.4,1,0,0.4,0.7749155405405406,0.39452554744522933,560024,0,0,0,1,0,0,1,0,1,0,0,0,1
0.4,1,3,0.2,0.4265202702702729,0.4474452554744715,560025,1,1,0,1,0,0,0,0,1,0,0,0,1
0.8666666666666667,0,4,0.8,0.4265202702702729,0.4474452554744715,560025,1,1,0,0,0,0,0,1,0,0,0,0,0
0.5333333333333333,1,3,0.2,0.2918074324324343,0.4386861313868488,560029,1,1,0,1,0,0,0,0,0,0,0,0,1
0.4,0,4,0.2,0.2918074324324343,0.4386861313868488,560029,1,1,0,0,0,1,0,0,0,0,0,0,1
0.26666666666666666,0,0,0.4,0.2918074324324343,0.4386861313868488,560029,1,1,0,1,0,0,1,0,0,0,0,0,1
0.06666666666666667,1,0,1.0,0.3336148648648667,0.45036496350366173,560030,1,1,0,1,0,0,1,0,0,0,0,0,0
0.4666666666666667,1,4,1.0,0.3336148648648667,0.45036496350366173,560030,1,1,0,0,0,0,0,0,1,0,0,0,0
0.3333333333333333,0,0,1.0,0.3336148648648667,0.45036496350366173,560030,1,1,0,0,1,0,0,0,0,1,0,0,0
0.3333333333333333,0,0,0.2,0.69510135135135,0.43978102189778223,560032,0,0,0,1,0,0,1,0,0,0,0,0,1
0.3333333333333333,1,0,0.2,0.25717905405405417,0.5032846715328521,560034,1,1,0,1,0,0,1,0,1,0,0,0,1
0.4,1,0,0.8,0.4092060810810791,0.1948905109488911,560104,1,1,0,1,0,0,1,0,1,0,0,0,0
0.26666666666666666,0,3,0.6,0.08150337837837578,0.43576642335765853,560076,1,1,0,1,0,0,0,0,0,0,0,0,0
0.5333333333333333,1,4,0.6,0.16722972972972966,0.7222627737226406,560036,1,1,0,0,0,0,0,0,0,0,0,0,0
0.4666666666666667,0,0,0.4,0.16722972972972966,0.7222627737226406,560036,1,1,0,1,0,0,1,1,0,0,0,0,1
0.13333333333333333,1,0,0.2,0.25717905405405417,0.5032846715328521,560034,1,1,0,1,0,0,1,0,0,0,0,0,1
0.7333333333333333,1,3,0.6,0.25717905405405417,0.5032846715328521,560034,0,0,0,0,0,0,0,0,0,0,0,0,0
0.3333333333333333,0,0,0.0,0.4721283783783796,0.3397810218977822,560009,1,1,0,1,0,0,1,0,0,0,0,1,0
0.4666666666666667,1,4,0.2,0.4776182432432467,0.5715328467153171,560038,1,1,0,1,0,1,0,0,0,0,0,0,1
0.7333333333333333,0,3,0.6,0.4776182432432467,0.5715328467153171,560038,0,0,0,0,0,0,0,0,0,0,0,0,0
0.6,1,3,1.0,0.23859797297297144,0.39927007299267653,560041,0,0,0,0,0,1,0,0,0,0,0,0,0
0.4666666666666667,1,2,0.4,0.6562499999999993,0.5974452554744715,560043,1,1,0,1,0,1,0,0,0,0,0,0,1
0.2,1,0,0.2,0.5743243243243272,0.42080291970804545,560046,0,0,0,1,0,0,1,0,0,0,0,0,1
0.3333333333333333,1,0,0.4,0.6634290540540516,0.8357664233576586,560049,1,1,0,1,0,0,1,0,0,0,0,0,1
0.4,0,2,0.6,0.2892736486486489,0.3861313868613203,560011,1,1,0,1,0,0,0,0,1,0,0,0,0
0.9333333333333333,1,2,0.4,0.49324324324324026,0.5160583941605983,560008,1,0,0,0,0,1,0,0,0,1,0,0,1
0.6666666666666666,1,3,0.8,0.6798986486486452,0.4956204379562146,560045,1,1,0,0,0,0,0,0,1,0,0,0,0
0.5333333333333333,1,2,0.2,0.23859797297297144,0.39927007299267653,560041,0,0,0,1,0,0,0,0,0,0,0,0,1
0.8666666666666667,0,0,0.8,0.6021959459459438,0.2682481751824651,560055,1,1,0,0,1,0,0,0,0,0,0,0,0
0.6,0,3,0.4,0.6021959459459438,0.2682481751824651,560055,1,1,0,0,0,1,0,0,0,0,0,0,1
0.2,0,0,0.0,0.23859797297297144,0.39927007299267653,560041,1,1,0,1,0,0,1,0,1,0,0,1,0
0.3333333333333333,0,0,0.2,0.19130067567567946,0.0,560060,0,1,0,1,0,0,1,0,0,0,0,0,1
0.5333333333333333,1,2,0.6,0.19130067567567946,0.0,560060,0,1,0,0,0,0,0,0,0,0,0,0,0
0.9333333333333333,1,4,0.8,0.16258445945946273,0.1948905109488911,560061,1,1,0,0,0,0,0,0,0,0,0,0,0
0.4666666666666667,0,0,0.2,0.07685810810810884,0.23503649635033505,560062,1,1,0,0,0,0,1,0,1,0,0,0,1
0.6666666666666666,1,2,0.2,0.20988175675675472,0.28941605839417234,560070,1,1,0,1,0,1,0,0,1,0,0,0,1
0.2,0,0,0.4,0.20988175675675472,0.28941605839417234,560070,1,1,0,1,0,0,1,0,1,0,0,0,1
0.4,1,0,0.2,0.44510135135134815,0.6156934306569366,560075,1,1,0,1,0,0,1,0,1,0,0,0,1
0.5333333333333333,0,2,0.8,0.44510135135134815,0.6156934306569366,560075,0,0,0,0,0,1,0,0,0,0,0,0,0
0.9333333333333333,1,3,0.4,0.44510135135134815,0.6156934306569366,560075,1,1,0,0,0,0,0,0,0,0,0,0,1
0.7333333333333333,1,4,1.0,0.08150337837837578,0.43576642335765853,560076,1,1,0,1,0,1,0,0,0,0,0,0,0
0.2,1,0,0.8,0.4776182432432467,0.5715328467153171,560038,1,1,0,1,0,0,1,0,0,0,0,0,0
0.4,0,3,0.4,0.6127533783783816,0.3481751824817431,560080,0,0,0,1,0,1,0,0,1,0,0,0,1
0.5333333333333333,1,4,0.2,0.6127533783783816,0.3481751824817431,560080,1,1,1,0,0,1,0,0,1,0,0,0,1
0.4666666666666667,1,4,0.4,0.27618243243243323,0.21605839416059833,560085,1,1,0,0,0,0,0,1,0,0,0,0,1
0.7333333333333333,1,3,0.4,0.8399493243243227,0.39744525547447146,560092,0,0,0,1,0,0,0,0,0,0,0,0,1
0.26666666666666666,1,0,0.4,0.6359797297297313,0.2,560096,1,1,0,1,0,0,1,0,0,0,0,0,1
0.4,1,0,0.2,0.38386824324324037,0.39379562043795774,560027,1,1,0,1,0,0,1,0,0,0,0,0,1
0.6,1,3,0.2,0.08150337837837578,0.43576642335765853,560076,1,1,0,0,0,0,0,0,0,0,0,0,1
0.3333333333333333,0,0,0.4,0.3027871621621609,0.5711678832116553,560095,0,1,0,1,0,0,1,0,1,0,0,0,1
0.9333333333333333,1,4,1.0,0.3027871621621609,0.5711678832116553,560095,1,1,0,0,0,0,0,0,1,0,0,0,0
0.26666666666666666,0,0,0.2,0.3027871621621609,0.5711678832116553,560095,1,1,0,1,0,0,1,0,0,0,0,0,1
0.6666666666666666,1,3,0.4,0.3027871621621609,0.5711678832116553,560095,1,1,0,0,0,0,0,0,0,0,0,0,1
0.3333333333333333,0,0,0.2,0.6359797297297313,0.2,560096,1,1,0,1,0,0,1,0,1,0,0,0,1
0.8,1,4,0.0,0.9108952702702681,0.2638686131386797,560097,0,0,0,0,0,1,0,0,0,0,0,1,0
0.2,1,0,0.4,0.8399493243243227,0.39744525547447146,560092,1,1,0,1,0,0,1,0,0,0,0,0,1
0.5333333333333333,0,1,1.0,0.5097128378378414,0.6828467153284683,560093,0,0,0,0,0,0,0,0,0,0,0,0,0
0.4666666666666667,1,4,0.4,0.5097128378378414,0.6828467153284683,560093,1,1,0,1,0,1,0,0,0,1,0,0,1
0.8666666666666667,1,1,0.0,0.5126689189189156,0.022627737226250492,560091,0,0,1,0,0,0,0,0,0,0,0,1,0
0.3333333333333333,0,3,0.2,0.5046452702702707,0.23686131386859194,560100,1,1,0,1,0,0,0,0,1,0,0,0,1
0.7333333333333333,0,3,0.4,0.5046452702702707,0.23686131386859194,560100,1,1,0,0,0,0,0,1,0,0,0,0,1
0.2,1,0,1.0,0.5046452702702707,0.23686131386859194,560100,1,1,0,1,0,0,1,0,0,0,0,0,0
0.13333333333333333,1,0,0.4,0.27322635135135154,0.7321167883211448,560103,1,1,0,1,0,0,1,0,0,0,0,0,1
0.26666666666666666,1,2,0.2,0.27322635135135154,0.7321167883211448,560103,1,1,0,1,0,0,0,0,0,0,0,0,1
0.8,0,0,1.0,0.49662162162161827,0.4704379562043837,560042,0,1,0,0,1,0,0,0,0,1,0,0,0
0.6,1,4,0.4,0.5228040540540572,0.17883211678829278,560079,1,1,0,0,0,1,0,0,0,0,0,0,1
0.3333333333333333,1,0,0.2,0.4721283783783796,0.3397810218977822,560009,0,0,0,1,0,0,1,0,1,0,0,0,1
0.8,1,3,1.0,0.2529560810810836,0.054744525547447145,560059,0,0,0,0,0,1,0,0,0,1,0,0,0
0.3333333333333333,1,0,0.4,0.5553209459459482,1.0,560067,1,1,0,1,0,0,1,0,1,0,0,0,1
0.6666666666666666,0,3,1.0,0.5553209459459482,1.0,560067,0,0,0,0,0,0,0,0,1,0,0,0,0
0.8,1,4,1.0,0.5553209459459482,1.0,560067,1,1,0,0,0,1,0,0,0,0,0,0,0
0.4,0,3,0.2,0.3876689189189222,0.29014598540144393,560018,1,0,0,0,0,0,0,0,1,0,0,0,1
0.2,1,0,0.2,0.3876689189189222,0.29014598540144393,560018,0,0,0,1,0,0,1,0,0,0,0,0,1
0.3333333333333333,0,2,0.4,0.5223817567567532,0.3281021897810211,560020,0,0,1,0,0,0,0,0,0,0,0,0,1
0.4666666666666667,1,4,0.6,0.6562499999999993,0.5974452554744715,560043,1,1,0,0,0,1,0,0,1,0,0,0,0
0.4,0,3,0.2,0.10177364864865127,0.5682481751824651,560068,1,1,0,1,0,0,0,0,0,0,0,0,1
0.5333333333333333,1,2,0.4,0.10177364864865127,0.5682481751824651,560068,0,0,0,0,0,0,0,0,0,0,0,0,1
0.4666666666666667,0,3,0.2,0.5553209459459482,1.0,560067,1,1,0,1,0,0,0,0,1,0,0,0,1
0.26666666666666666,1,3,0.4,0.4776182432432467,0.5715328467153171,560038,1,1,0,1,0,0,1,0,0,0,0,0,1
0.5333333333333333,0,3,0.2,0.4776182432432467,0.5715328467153171,560038,1,1,0,1,0,0,0,0,1,0,0,0,1
0.3333333333333333,1,2,0.2,0.5375844594594581,0.28868613138684884,560021,1,1,0,1,0,0,0,0,0,0,0,0,1
0.2,0,1,0.2,0.5375844594594581,0.28868613138684884,560021,0,0,0,1,0,0,0,0,0,0,0,0,1
0.4666666666666667,1,3,0.4,0.38386824324324037,0.39379562043795774,560027,1,1,0,0,0,1,0,0,0,0,0,0,1
0.4,0,2,0.2,0.38386824324324037,0.39379562043795774,560027,1,1,0,0,0,0,0,0,1,0,0,0,1
0.26666666666666666,1,0,0.2,0.8792229729729697,0.22700729927008775,560014,1,1,0,0,0,0,1,0,0,0,0,0,1
0.3333333333333333,0,0,0.6,0.7749155405405406,0.39452554744522933,560024,1,1,0,1,0,0,1,0,1,0,0,0,0
0.4,1,4,0.4,0.364442567567565,0.028832116788292776,560056,1,1,0,0,0,0,0,0,1,0,0,0,1
0.26666666666666666,0,0,0.2,0.364442567567565,0.028832116788292776,560056,1,1,0,1,0,0,1,0,0,0,0,0,1
0.8,1,4,0.8,0.45059121621621523,0.1043795620437854,560072,0,0,0,0,0,0,0,0,0,0,0,0,0
0.3333333333333333,0,2,0.6,0.16722972972972966,0.7222627737226406,560036,1,1,1,0,0,0,0,0,0,0,0,0,0
0.06666666666666667,1,0,1.0,0.16722972972972966,0.7222627737226406,560036,1,1,0,1,0,0,1,0,0,0,0,0,0
0.2,0,0,0.2,0.6127533783783816,0.3481751824817431,560080,1,1,0,1,0,0,1,0,0,0,0,0,1
0.3333333333333333,1,0,0.6,0.6127533783783816,0.3481751824817431,560080,1,1,0,1,0,0,1,0,0,0,0,0,0
0.4,0,3,0.4,0.10177364864865127,0.5682481751824651,560068,1,1,0,1,0,0,0,0,0,0,0,0,1
0.5333333333333333,0,2,0.2,0.49662162162161827,0.4704379562043837,560042,0,1,0,0,0,0,0,0,1,0,0,0,1
0.5333333333333333,0,0,0.2,0.4666385135135126,0.27153284671531713,560023,1,1,0,1,0,0,1,1,0,0,0,0,1
0.4666666666666667,0,2,0.2,0.4666385135135126,0.27153284671531713,560023,1,1,0,1,0,0,1,0,0,0,0,0,1
0.6666666666666666,0,3,0.8,0.4666385135135126,0.27153284671531713,560023,0,0,0,0,0,0,0,0,0,0,0,0,0
0.4666666666666667,0,0,0.4,0.8792229729729697,0.22700729927008775,560014,1,1,0,1,0,0,1,0,1,0,0,0,1
0.13333333333333333,0,0,0.2,0.8792229729729697,0.22700729927008775,560014,1,1,0,1,0,0,1,0,0,0,0,0,1
0.6,0,4,1.0,0.8792229729729697,0.22700729927008775,560014,0,1,0,0,0,1,0,0,0,0,0,0,0
0.4666666666666667,0,3,0.4,0.8336148648648629,0.16131386861315117,560015,0,1,0,0,0,0,0,0,0,0,0,0,1
0.4,0,0,0.8,0.8336148648648629,0.16131386861315117,560015,0,0,0,1,0,0,1,0,1,0,0,0,0
0.4666666666666667,0,4,0.0,0.4721283783783796,0.3397810218977822,560009,0,0,0,0,0,0,0,0,0,0,0,1,0
0.4666666666666667,0,3,0.4,0.5608108108108077,0.5054744525547188,560005,0,0,1,0,0,0,0,0,1,0,0,0,1
0.4,0,1,0.8,0.8336148648648629,0.16131386861315117,560015,1,1,0,0,0,0,1,1,0,0,0,0,0
0.4,1,0,0.4,0.8336148648648629,0.16131386861315117,560015,1,1,0,1,0,0,1,0,1,0,0,0,1
0.26666666666666666,1,2,0.0,0.6275337837837826,0.3777372262773594,560006,1,1,0,1,0,0,0,0,0,0,0,1,0
0.6666666666666666,1,3,0.2,0.6275337837837826,0.3777372262773594,560006,0,0,0,1,0,0,0,0,1,0,0,0,1
0.4666666666666667,0,4,1.0,0.6283783783783752,0.29781021897808135,560012,0,0,0,1,0,0,0,0,1,0,0,0,0
0.26666666666666666,1,1,0.4,0.37964527027026973,0.6390510948905106,560017,1,0,0,1,0,0,1,0,1,0,0,0,1
0.26666666666666666,0,0,1.0,0.34670608108108236,0.28248175182480656,560019,1,1,0,1,0,0,1,0,0,0,0,0,0
0.26666666666666666,1,1,0.6,0.5059121621621596,0.2521897810218668,560010,1,1,0,1,0,0,1,0,1,0,0,0,0
0.6,0,4,0.2,0.27322635135135154,0.7321167883211448,560103,1,1,0,0,0,0,0,0,1,0,0,0,1
0.26666666666666666,1,0,0.4,0.4721283783783796,0.3397810218977822,560009,1,1,0,1,0,0,1,0,0,0,0,0,1
0.4,0,0,0.4,0.49662162162161827,0.4704379562043837,560042,1,1,0,1,0,0,1,0,1,0,0,0,1
0.3333333333333333,0,0,0.2,0.47043918918918687,0.42007299270072196,560001,1,1,0,1,0,0,1,0,1,0,0,0,1
0.3333333333333333,0,0,0.6,0.5076013513513524,0.8171532846715317,560048,1,1,0,1,0,0,1,0,1,0,0,0,0
0.26666666666666666,0,0,0.8,0.5059121621621596,0.2521897810218668,560010,1,1,0,1,0,0,1,0,1,0,0,0,0
0.3333333333333333,1,1,0.2,0.4721283783783796,0.3397810218977822,560009,1,0,0,1,0,0,1,0,1,0,0,0,1
0.9333333333333333,1,4,0.8,0.16258445945946273,0.1948905109488911,560061,1,1,0,0,0,0,0,0,0,0,0,0,0
0.4666666666666667,0,0,0.2,0.07685810810810884,0.23503649635033505,560062,1,1,0,0,0,0,1,0,1,0,0,0,1
0.6666666666666666,1,2,0.2,0.20988175675675472,0.28941605839417234,560070,1,1,0,1,0,1,0,0,1,0,0,0,1
0.2,0,0,0.4,0.20988175675675472,0.28941605839417234,560070,1,1,0,1,0,0,1,0,1,0,0,0,1
0.4,1,0,0.2,0.44510135135134815,0.6156934306569366,560075,1,1,0,1,0,0,1,0,1,0,0,0,1
0.5333333333333333,0,2,0.8,0.44510135135134815,0.6156934306569366,560075,0,0,0,0,0,1,0,0,0,0,0,0,0
0.9333333333333333,1,3,0.4,0.44510135135134815,0.6156934306569366,560075,1,1,0,0,0,0,0,0,0,0,0,0,1
0.7333333333333333,1,4,1.0,0.08150337837837578,0.43576642335765853,560076,1,1,0,1,0,1,0,0,0,0,0,0,0
0.2,1,0,0.8,0.4776182432432467,0.5715328467153171,560038,1,1,0,1,0,0,1,0,0,0,0,0,0
0.4,0,3,0.4,0.6127533783783816,0.3481751824817431,560080,0,0,0,1,0,1,0,0,1,0,0,0,1
0.5333333333333333,1,4,0.2,0.6127533783783816,0.3481751824817431,560080,1,1,1,0,0,1,0,0,1,0,0,0,1
0.2,1,4,0.4,0.27618243243243323,0.21605839416059833,560085,1,1,0,0,0,0,0,1,0,0,0,0,1
0.7333333333333333,1,3,0.4,0.8399493243243227,0.39744525547447146,560092,0,0,0,1,0,0,0,0,0,0,0,0,1
0.26666666666666666,1,0,0.4,0.6359797297297313,0.2,560096,1,1,0,1,0,0,1,0,0,0,0,0,1
0.4,1,0,0.2,0.38386824324324037,0.39379562043795774,560027,1,1,0,1,0,0,1,0,0,0,0,0,1
0.6,1,3,0.2,0.08150337837837578,0.43576642335765853,560076,1,1,0,0,0,0,0,0,0,0,0,0,1
0.3333333333333333,0,0,0.4,0.3027871621621609,0.5711678832116553,560095,0,1,0,1,0,0,1,0,1,0,0,0,1
0.9333333333333333,1,4,1.0,0.3027871621621609,0.5711678832116553,560095,1,1,0,0,0,0,0,0,1,0,0,0,0
0.26666666666666666,0,0,0.2,0.3027871621621609,0.5711678832116553,560095,1,1,0,1,0,0,1,0,0,0,0,0,1
0.26666666666666666,0,3,0.6,0.08150337837837578,0.43576642335765853,560076,1,1,0,1,0,0,0,0,0,0,0,0,0
0.5333333333333333,1,4,0.6,0.16722972972972966,0.7222627737226406,560036,1,1,0,0,0,0,0,0,0,0,0,0,0
0.4666666666666667,0,0,0.4,0.16722972972972966,0.7222627737226406,560036,1,1,0,1,0,0,1,1,0,0,0,0,1
0.13333333333333333,1,0,0.2,0.25717905405405417,0.5032846715328521,560034,1,1,0,1,0,0,1,0,0,0,0,0,1
0.7333333333333333,1,3,0.6,0.25717905405405417,0.5032846715328521,560034,0,0,0,0,0,0,0,0,0,0,0,0,0
0.3333333333333333,0,0,0.0,0.4721283783783796,0.3397810218977822,560009,1,1,0,1,0,0,1,0,0,0,0,1,0
0.4666666666666667,1,4,0.2,0.4776182432432467,0.5715328467153171,560038,1,1,0,1,0,1,0,0,0,0,0,0,1
0.7333333333333333,0,3,0.6,0.4776182432432467,0.5715328467153171,560038,0,0,0,0,0,0,0,0,0,0,0,0,0
0.6,1,3,1.0,0.23859797297297144,0.39927007299267653,560041,0,1,0,0,0,1,0,0,0,0,0,0,0
0.4666666666666667,1,2,0.4,0.6562499999999993,0.5974452554744715,560043,1,1,0,1,0,1,0,0,0,0,0,0,1
0.2,1,0,0.2,0.5743243243243272,0.42080291970804545,560046,0,0,0,1,0,0,1,0,0,0,0,0,1
0.3333333333333333,1,0,0.4,0.6634290540540516,0.8357664233576586,560049,1,1,0,1,0,0,1,0,0,0,0,0,1
0.4,0,2,0.6,0.2892736486486489,0.3861313868613203,560011,1,1,0,1,0,0,0,0,1,0,0,0,0
0.26666666666666666,1,2,0.4,0.49324324324324026,0.5160583941605983,560008,1,0,0,0,0,1,0,0,0,1,0,0,1
0.6666666666666666,1,3,0.8,0.6798986486486452,0.4956204379562146,560045,1,1,0,0,0,0,0,0,1,0,0,0,0
0.5333333333333333,1,2,0.2,0.23859797297297144,0.39927007299267653,560041,0,0,0,1,0,0,0,0,0,0,0,0,1
0.26666666666666666,0,3,0.6,0.08150337837837578,0.43576642335765853,560076,1,1,0,1,0,0,0,0,0,0,0,0,0
0.5333333333333333,1,4,0.6,0.16722972972972966,0.7222627737226406,560036,1,1,0,0,0,0,0,0,0,0,0,0,0
0.4666666666666667,0,0,0.4,0.16722972972972966,0.7222627737226406,560036,1,1,0,1,0,0,1,1,0,0,0,0,1
0.13333333333333333,1,0,0.2,0.25717905405405417,0.5032846715328521,560034,1,1,0,1,0,0,1,0,0,0,0,0,1
0.7333333333333333,1,3,0.6,0.25717905405405417,0.5032846715328521,560034,0,0,0,0,0,0,0,0,0,0,0,0,0
0.3333333333333333,0,0,0.0,0.4721283783783796,0.3397810218977822,560009,1,1,0,1,0,0,1,0,0,0,0,1,0
0.4666666666666667,1,4,0.2,0.4776182432432467,0.5715328467153171,560038,1,1,0,1,0,1,0,0,0,0,0,0,1
0.7333333333333333,0,3,0.6,0.4776182432432467,0.5715328467153171,560038,0,1,0,0,0,0,0,0,0,0,0,0,0
0.6,1,3,1.0,0.23859797297297144,0.39927007299267653,560041,0,1,0,0,0,1,0,0,0,0,0,0,0
0.4666666666666667,1,2,0.4,0.6562499999999993,0.5974452554744715,560043,1,1,0,1,0,1,0,0,0,0,0,0,1
0.2,1,0,0.2,0.5743243243243272,0.42080291970804545,560046,0,1,0,1,0,0,1,0,0,0,0,0,1
0.4,1,0,0.2,0.44510135135134815,0.6156934306569366,560075,1,1,0,1,0,0,1,0,1,0,0,0,1
0.5333333333333333,0,2,0.8,0.44510135135134815,0.6156934306569366,560075,0,0,0,0,0,1,0,0,0,0,0,0,0
0.9333333333333333,1,3,0.4,0.44510135135134815,0.6156934306569366,560075,1,1,0,0,0,0,0,0,0,0,0,0,1
0.7333333333333333,1,4,1.0,0.08150337837837578,0.43576642335765853,560076,1,1,0,1,0,1,0,0,0,0,0,0,0
0.2,1,0,0.8,0.4776182432432467,0.5715328467153171,560038,1,1,0,1,0,0,1,0,0,0,0,0,0
0.4,0,3,0.4,0.6127533783783816,0.3481751824817431,560080,0,0,0,1,0,1,0,0,1,0,0,0,1
0.5333333333333333,1,4,0.2,0.6127533783783816,0.3481751824817431,560080,1,1,1,0,0,1,0,0,1,0,0,0,1
0.8666666666666667,1,4,0.4,0.27618243243243323,0.21605839416059833,560085,1,1,0,0,0,0,0,1,0,0,0,0,1
0.7333333333333333,1,3,0.4,0.8399493243243227,0.39744525547447146,560092,0,0,0,1,0,0,0,0,0,0,0,0,1
0.26666666666666666,1,0,0.4,0.6359797297297313,0.2,560096,1,1,0,1,0,0,1,0,0,0,0,0,1
0.4,1,0,0.2,0.38386824324324037,0.39379562043795774,560027,1,1,0,1,0,0,1,0,0,0,0,0,1
0.6,1,3,0.2,0.08150337837837578,0.43576642335765853,560076,1,1,0,0,0,0,0,0,0,0,0,0,1
0.3333333333333333,0,0,0.4,0.3027871621621609,0.5711678832116553,560095,0,1,0,1,0,0,1,0,1,0,0,0,1
0.8,1,4,1.0,0.3027871621621609,0.5711678832116553,560095,1,1,0,0,0,0,0,0,1,0,0,0,0
0.26666666666666666,0,0,0.2,0.3027871621621609,0.5711678832116553,560095,1,1,0,1,0,0,1,0,0,0,0,0,1
0.6666666666666666,1,3,0.4,0.3027871621621609,0.5711678832116553,560095,1,1,0,0,0,0,0,0,0,0,0,0,1
0.3333333333333333,0,0,0.2,0.6359797297297313,0.2,560096,1,1,0,1,0,0,1,0,1,0,0,0,1
0.8,1,4,0.0,0.9108952702702681,0.2638686131386797,560097,0,0,0,0,0,1,0,0,0,0,0,1,0
0.2,1,0,0.4,0.8399493243243227,0.39744525547447146,560092,1,0,0,1,0,0,1,0,0,0,0,0,1
0.5333333333333333,0,1,1.0,0.5097128378378414,0.6828467153284683,560093,0,0,0,0,0,0,0,0,0,0,0,0,0
0.4666666666666667,1,4,0.4,0.5097128378378414,0.6828467153284683,560093,1,1,0,1,0,1,0,0,0,1,0,0,1
0.8666666666666667,1,1,0.0,0.5126689189189156,0.022627737226250492,560091,0,0,1,0,0,0,0,0,0,0,0,1,0
0.3333333333333333,0,3,0.2,0.5046452702702707,0.23686131386859194,560100,1,1,0,1,0,0,0,0,1,0,0,0,1
0.26666666666666666,1,1,0.6,0.5059121621621596,0.2521897810218668,560010,1,1,0,1,0,0,1,0,1,0,0,0,0
0.6,0,4,0.2,0.27322635135135154,0.7321167883211448,560103,1,1,0,0,0,0,0,0,1,0,0,0,1
0.26666666666666666,1,0,0.4,0.4721283783783796,0.3397810218977822,560009,1,1,0,1,0,0,1,0,0,0,0,0,1
0.4,0,0,0.4,0.49662162162161827,0.4704379562043837,560042,1,1,0,1,0,0,1,0,1,0,0,0,1
0.3333333333333333,0,0,0.2,0.47043918918918687,0.42007299270072196,560001,1,1,0,1,0,0,1,0,1,0,0,0,1
0.3333333333333333,0,0,0.6,0.5076013513513524,0.8171532846715317,560048,1,1,0,1,0,0,1,0,1,0,0,0,0
0.26666666666666666,0,0,0.8,0.5059121621621596,0.2521897810218668,560010,1,1,0,1,0,0,1,0,1,0,0,0,0
0.3333333333333333,1,1,0.2,0.4721283783783796,0.3397810218977822,560009,1,1,0,1,0,0,1,0,1,0,0,0,1
0.3333333333333333,1,0,0.8,0.14189189189189094,0.33649635036498204,560078,1,1,0,1,0,0,1,0,1,0,0,0,0
